-- phpMyAdmin SQL Dump
-- version 5.2.1
-- https://www.phpmyadmin.net/
--
-- Host: localhost
-- Generation Time: Apr 23, 2024 at 04:30 AM
-- Server version: 10.4.28-MariaDB
-- PHP Version: 8.1.17

SET SQL_MODE = "NO_AUTO_VALUE_ON_ZERO";
START TRANSACTION;
SET time_zone = "+00:00";


/*!40101 SET @OLD_CHARACTER_SET_CLIENT=@@CHARACTER_SET_CLIENT */;
/*!40101 SET @OLD_CHARACTER_SET_RESULTS=@@CHARACTER_SET_RESULTS */;
/*!40101 SET @OLD_COLLATION_CONNECTION=@@COLLATION_CONNECTION */;
/*!40101 SET NAMES utf8mb4 */;

--
-- Database: `queuing_database`
--

-- --------------------------------------------------------

--
-- Table structure for table `failed_jobs`
--

CREATE TABLE `failed_jobs` (
  `id` bigint(20) UNSIGNED NOT NULL,
  `uuid` varchar(255) NOT NULL,
  `connection` text NOT NULL,
  `queue` text NOT NULL,
  `payload` longtext NOT NULL,
  `exception` longtext NOT NULL,
  `failed_at` timestamp NOT NULL DEFAULT current_timestamp()
) ENGINE=InnoDB DEFAULT CHARSET=utf8mb4 COLLATE=utf8mb4_unicode_ci;

-- --------------------------------------------------------

--
-- Table structure for table `migrations`
--

CREATE TABLE `migrations` (
  `id` int(10) UNSIGNED NOT NULL,
  `migration` varchar(255) NOT NULL,
  `batch` int(11) NOT NULL
) ENGINE=InnoDB DEFAULT CHARSET=utf8mb4 COLLATE=utf8mb4_unicode_ci;

--
-- Dumping data for table `migrations`
--

INSERT INTO `migrations` (`id`, `migration`, `batch`) VALUES
(1, '2014_10_12_000000_create_users_table', 1),
(2, '2014_10_12_100000_create_password_reset_tokens_table', 1),
(3, '2014_10_12_100000_create_password_resets_table', 1),
(4, '2019_08_19_000000_create_failed_jobs_table', 1),
(5, '2019_12_14_000001_create_personal_access_tokens_table', 1),
(6, '2024_01_17_012732_create_permission_tables', 1),
(7, '2024_01_23_013944_create_transtype', 1),
(8, '2024_01_23_013945_create_windowstbl', 1),
(9, '2024_01_23_014328_create_settings', 1),
(10, '2024_01_23_014432_create_transactionstbl', 1);

-- --------------------------------------------------------

--
-- Table structure for table `model_has_permissions`
--

CREATE TABLE `model_has_permissions` (
  `permission_id` bigint(20) UNSIGNED NOT NULL,
  `model_type` varchar(255) NOT NULL,
  `model_id` bigint(20) UNSIGNED NOT NULL
) ENGINE=InnoDB DEFAULT CHARSET=utf8mb4 COLLATE=utf8mb4_unicode_ci;

-- --------------------------------------------------------

--
-- Table structure for table `model_has_roles`
--

CREATE TABLE `model_has_roles` (
  `role_id` bigint(20) UNSIGNED NOT NULL,
  `model_type` varchar(255) NOT NULL,
  `model_id` bigint(20) UNSIGNED NOT NULL
) ENGINE=InnoDB DEFAULT CHARSET=utf8mb4 COLLATE=utf8mb4_unicode_ci;

--
-- Dumping data for table `model_has_roles`
--

INSERT INTO `model_has_roles` (`role_id`, `model_type`, `model_id`) VALUES
(1, 'App\\Models\\User', 1),
(1, 'App\\Models\\User', 16),
(2, 'App\\Models\\User', 4),
(2, 'App\\Models\\User', 5),
(2, 'App\\Models\\User', 6),
(2, 'App\\Models\\User', 7),
(2, 'App\\Models\\User', 8),
(2, 'App\\Models\\User', 9),
(2, 'App\\Models\\User', 10),
(2, 'App\\Models\\User', 11),
(2, 'App\\Models\\User', 12),
(2, 'App\\Models\\User', 13),
(2, 'App\\Models\\User', 14),
(2, 'App\\Models\\User', 15);

-- --------------------------------------------------------

--
-- Table structure for table `password_resets`
--

CREATE TABLE `password_resets` (
  `email` varchar(255) NOT NULL,
  `token` varchar(255) NOT NULL,
  `created_at` timestamp NULL DEFAULT NULL
) ENGINE=InnoDB DEFAULT CHARSET=utf8mb4 COLLATE=utf8mb4_unicode_ci;

-- --------------------------------------------------------

--
-- Table structure for table `password_reset_tokens`
--

CREATE TABLE `password_reset_tokens` (
  `email` varchar(255) NOT NULL,
  `token` varchar(255) NOT NULL,
  `created_at` timestamp NULL DEFAULT NULL
) ENGINE=InnoDB DEFAULT CHARSET=utf8mb4 COLLATE=utf8mb4_unicode_ci;

-- --------------------------------------------------------

--
-- Table structure for table `permissions`
--

CREATE TABLE `permissions` (
  `id` bigint(20) UNSIGNED NOT NULL,
  `name` varchar(255) NOT NULL,
  `guard_name` varchar(255) NOT NULL,
  `created_at` date DEFAULT NULL,
  `updated_at` date DEFAULT NULL
) ENGINE=InnoDB DEFAULT CHARSET=utf8mb4 COLLATE=utf8mb4_unicode_ci;

--
-- Dumping data for table `permissions`
--

INSERT INTO `permissions` (`id`, `name`, `guard_name`, `created_at`, `updated_at`) VALUES
(1, 'create-role', 'web', '2024-02-26', '2024-02-26'),
(2, 'edit-role', 'web', '2024-02-26', '2024-02-26'),
(3, 'delete-role', 'web', '2024-02-26', '2024-02-26'),
(4, 'create-user', 'web', '2024-02-26', '2024-02-26'),
(5, 'edit-user', 'web', '2024-02-26', '2024-02-26'),
(6, 'delete-user', 'web', '2024-02-26', '2024-02-26'),
(7, 'create-product', 'web', '2024-02-26', '2024-02-26'),
(8, 'edit-product', 'web', '2024-02-26', '2024-02-26'),
(9, 'delete-product', 'web', '2024-02-26', '2024-02-26');

-- --------------------------------------------------------

--
-- Table structure for table `personal_access_tokens`
--

CREATE TABLE `personal_access_tokens` (
  `id` bigint(20) UNSIGNED NOT NULL,
  `tokenable_type` varchar(255) NOT NULL,
  `tokenable_id` bigint(20) UNSIGNED NOT NULL,
  `name` varchar(255) NOT NULL,
  `token` varchar(64) NOT NULL,
  `abilities` text DEFAULT NULL,
  `last_used_at` timestamp NULL DEFAULT NULL,
  `expires_at` timestamp NULL DEFAULT NULL,
  `created_at` timestamp NULL DEFAULT NULL,
  `updated_at` timestamp NULL DEFAULT NULL
) ENGINE=InnoDB DEFAULT CHARSET=utf8mb4 COLLATE=utf8mb4_unicode_ci;

-- --------------------------------------------------------

--
-- Table structure for table `roles`
--

CREATE TABLE `roles` (
  `id` bigint(20) UNSIGNED NOT NULL,
  `name` varchar(255) NOT NULL,
  `guard_name` varchar(255) NOT NULL,
  `created_at` date DEFAULT NULL,
  `updated_at` date DEFAULT NULL
) ENGINE=InnoDB DEFAULT CHARSET=utf8mb4 COLLATE=utf8mb4_unicode_ci;

--
-- Dumping data for table `roles`
--

INSERT INTO `roles` (`id`, `name`, `guard_name`, `created_at`, `updated_at`) VALUES
(1, 'Super Admin', 'web', '2024-02-26', '2024-02-26'),
(2, 'Admin', 'web', '2024-02-26', '2024-02-26'),
(3, 'Product Manager', 'web', '2024-02-26', '2024-02-26');

-- --------------------------------------------------------

--
-- Table structure for table `role_has_permissions`
--

CREATE TABLE `role_has_permissions` (
  `permission_id` bigint(20) UNSIGNED NOT NULL,
  `role_id` bigint(20) UNSIGNED NOT NULL
) ENGINE=InnoDB DEFAULT CHARSET=utf8mb4 COLLATE=utf8mb4_unicode_ci;

--
-- Dumping data for table `role_has_permissions`
--

INSERT INTO `role_has_permissions` (`permission_id`, `role_id`) VALUES
(4, 2),
(5, 2),
(6, 2),
(7, 2),
(7, 3),
(8, 2),
(8, 3),
(9, 2),
(9, 3);

-- --------------------------------------------------------

--
-- Table structure for table `settings`
--

CREATE TABLE `settings` (
  `id` bigint(20) UNSIGNED NOT NULL,
  `open_time` time NOT NULL,
  `close_time` time NOT NULL,
  `logo_dir` varchar(255) NOT NULL,
  `comp_name` varchar(255) NOT NULL,
  `comp_address` varchar(255) NOT NULL,
  `comp_email` varchar(255) NOT NULL,
  `comp_no` varchar(255) NOT NULL,
  `created_at` date DEFAULT NULL,
  `updated_at` date DEFAULT NULL
) ENGINE=InnoDB DEFAULT CHARSET=utf8mb4 COLLATE=utf8mb4_unicode_ci;

--
-- Dumping data for table `settings`
--

INSERT INTO `settings` (`id`, `open_time`, `close_time`, `logo_dir`, `comp_name`, `comp_address`, `comp_email`, `comp_no`, `created_at`, `updated_at`) VALUES
(1, '08:00:00', '21:00:00', 'sdsa', 'Pixzel Digitals', 'Suarez Iligan City', 'pixzeldigitals@gmail.com', '220-2901', '2024-02-21', '2024-03-07');

-- --------------------------------------------------------

--
-- Table structure for table `transactions`
--

CREATE TABLE `transactions` (
  `id` bigint(20) UNSIGNED NOT NULL,
  `window_id` bigint(20) UNSIGNED NOT NULL,
  `custom_name` varchar(255) DEFAULT NULL,
  `trans_date` date DEFAULT NULL,
  `queue_num` int(11) NOT NULL,
  `status` enum('skipped','pending','assisted') NOT NULL,
  `created_at` date DEFAULT NULL,
  `updated_at` date DEFAULT NULL
) ENGINE=InnoDB DEFAULT CHARSET=utf8mb4 COLLATE=utf8mb4_unicode_ci;

--
-- Dumping data for table `transactions`
--

INSERT INTO `transactions` (`id`, `window_id`, `custom_name`, `trans_date`, `queue_num`, `status`, `created_at`, `updated_at`) VALUES
(1, 1, NULL, '2024-02-26', 1, 'assisted', '2024-02-26', '2024-02-26'),
(2, 5, NULL, '2024-02-26', 2, 'assisted', '2024-02-26', '2024-02-26'),
(3, 8, NULL, '2024-02-26', 3, 'assisted', '2024-02-26', '2024-02-26'),
(4, 1, NULL, '2024-02-26', 4, 'assisted', '2024-02-26', '2024-02-26'),
(5, 5, NULL, '2024-02-26', 5, 'assisted', '2024-02-26', '2024-02-26'),
(6, 2, NULL, '2024-02-26', 1, 'assisted', '2024-02-26', '2024-02-26'),
(7, 6, NULL, '2024-02-26', 2, 'assisted', '2024-02-26', '2024-03-04'),
(8, 9, NULL, '2024-02-26', 3, 'assisted', '2024-02-26', '2024-02-26'),
(9, 2, NULL, '2024-02-26', 4, 'assisted', '2024-02-26', '2024-02-26'),
(10, 6, NULL, '2024-02-26', 5, 'assisted', '2024-02-26', '2024-03-04'),
(11, 3, NULL, '2024-02-26', 1, 'assisted', '2024-02-26', '2024-02-26'),
(12, 10, NULL, '2024-02-26', 2, 'assisted', '2024-02-26', '2024-02-26'),
(13, 3, NULL, '2024-02-26', 3, 'assisted', '2024-02-26', '2024-02-26'),
(14, 10, NULL, '2024-02-26', 4, 'assisted', '2024-02-26', '2024-02-26'),
(15, 3, NULL, '2024-02-26', 5, 'assisted', '2024-02-26', '2024-02-26'),
(16, 4, NULL, '2024-02-26', 1, 'assisted', '2024-02-26', '2024-02-26'),
(17, 7, NULL, '2024-02-26', 2, 'assisted', '2024-02-26', '2024-02-27'),
(18, 4, NULL, '2024-02-26', 3, 'assisted', '2024-02-26', '2024-02-26'),
(19, 7, NULL, '2024-02-26', 4, 'assisted', '2024-02-26', '2024-02-27'),
(20, 4, NULL, '2024-02-26', 5, 'assisted', '2024-02-26', '2024-02-26'),
(21, 9, NULL, '2024-02-26', 6, 'assisted', '2024-02-26', '2024-02-26'),
(22, 2, NULL, '2024-02-26', 7, 'assisted', '2024-02-26', '2024-02-26'),
(23, 6, NULL, '2024-02-26', 8, 'assisted', '2024-02-26', '2024-03-04'),
(24, 9, NULL, '2024-02-26', 9, 'assisted', '2024-02-26', '2024-02-26'),
(25, 2, NULL, '2024-02-26', 10, 'assisted', '2024-02-26', '2024-02-26'),
(26, 5, NULL, '2024-02-27', 1, 'assisted', '2024-02-27', '2024-02-27'),
(27, 8, NULL, '2024-02-27', 2, 'assisted', '2024-02-27', '2024-02-27'),
(28, 5, NULL, '2024-02-27', 3, 'assisted', '2024-02-27', '2024-02-27'),
(29, 8, NULL, '2024-02-27', 4, 'assisted', '2024-02-27', '2024-02-27'),
(30, 5, NULL, '2024-02-27', 5, 'assisted', '2024-02-27', '2024-02-27'),
(31, 8, NULL, '2024-02-27', 6, 'assisted', '2024-02-27', '2024-02-27'),
(32, 5, NULL, '2024-02-27', 7, 'assisted', '2024-02-27', '2024-02-27'),
(33, 8, NULL, '2024-02-27', 8, 'assisted', '2024-02-27', '2024-02-27'),
(34, 5, NULL, '2024-02-27', 9, 'assisted', '2024-02-27', '2024-02-27'),
(35, 8, NULL, '2024-02-27', 10, 'assisted', '2024-02-27', '2024-02-27'),
(36, 6, NULL, '2024-02-27', 1, 'assisted', '2024-02-27', '2024-03-04'),
(37, 6, NULL, '2024-02-27', 2, 'assisted', '2024-02-27', '2024-03-04'),
(38, 6, NULL, '2024-02-27', 3, 'assisted', '2024-02-27', '2024-03-04'),
(39, 6, NULL, '2024-02-27', 4, 'assisted', '2024-02-27', '2024-03-04'),
(40, 6, NULL, '2024-02-27', 5, 'assisted', '2024-02-27', '2024-03-04'),
(41, 6, NULL, '2024-02-27', 6, 'assisted', '2024-02-27', '2024-03-04'),
(42, 6, NULL, '2024-02-27', 7, 'assisted', '2024-02-27', '2024-03-04'),
(43, 6, NULL, '2024-02-27', 8, 'assisted', '2024-02-27', '2024-02-27'),
(44, 6, NULL, '2024-02-27', 9, 'assisted', '2024-02-27', '2024-02-27'),
(45, 6, NULL, '2024-02-27', 10, 'assisted', '2024-02-27', '2024-02-27'),
(46, 7, NULL, '2024-02-27', 1, 'assisted', '2024-02-27', '2024-02-27'),
(47, 7, NULL, '2024-02-27', 2, 'assisted', '2024-02-27', '2024-02-27'),
(48, 7, NULL, '2024-02-27', 3, 'assisted', '2024-02-27', '2024-02-27'),
(49, 7, NULL, '2024-02-27', 4, 'assisted', '2024-02-27', '2024-02-27'),
(50, 7, NULL, '2024-02-27', 5, 'assisted', '2024-02-27', '2024-02-27'),
(51, 7, NULL, '2024-02-27', 6, 'assisted', '2024-02-27', '2024-02-27'),
(52, 7, NULL, '2024-02-27', 7, 'assisted', '2024-02-27', '2024-02-27'),
(53, 7, NULL, '2024-02-27', 8, 'assisted', '2024-02-27', '2024-02-27'),
(54, 7, NULL, '2024-02-27', 9, 'assisted', '2024-02-27', '2024-02-27'),
(55, 7, NULL, '2024-02-27', 10, 'assisted', '2024-02-27', '2024-02-27'),
(56, 5, NULL, '2024-02-27', 11, 'assisted', '2024-02-27', '2024-02-27'),
(57, 8, NULL, '2024-02-27', 12, 'assisted', '2024-02-27', '2024-02-27'),
(58, 5, NULL, '2024-02-27', 13, 'assisted', '2024-02-27', '2024-02-27'),
(59, 8, NULL, '2024-02-27', 14, 'assisted', '2024-02-27', '2024-02-27'),
(60, 5, NULL, '2024-02-27', 15, 'assisted', '2024-02-27', '2024-02-27'),
(61, 8, NULL, '2024-02-27', 16, 'assisted', '2024-02-27', '2024-02-27'),
(62, 5, NULL, '2024-02-27', 17, 'assisted', '2024-02-27', '2024-02-27'),
(63, 8, NULL, '2024-02-27', 18, 'assisted', '2024-02-27', '2024-02-27'),
(64, 5, NULL, '2024-02-27', 19, 'assisted', '2024-02-27', '2024-02-27'),
(65, 8, NULL, '2024-02-27', 20, 'assisted', '2024-02-27', '2024-02-27'),
(66, 5, NULL, '2024-02-27', 21, 'assisted', '2024-02-27', '2024-02-27'),
(67, 8, NULL, '2024-02-27', 22, 'assisted', '2024-02-27', '2024-02-27'),
(68, 5, NULL, '2024-02-27', 23, 'assisted', '2024-02-27', '2024-02-27'),
(69, 8, NULL, '2024-02-27', 24, 'assisted', '2024-02-27', '2024-02-27'),
(70, 5, NULL, '2024-02-27', 25, 'assisted', '2024-02-27', '2024-02-27'),
(71, 8, NULL, '2024-02-27', 26, 'assisted', '2024-02-27', '2024-02-27'),
(72, 5, NULL, '2024-02-27', 27, 'assisted', '2024-02-27', '2024-02-27'),
(73, 8, NULL, '2024-02-27', 28, 'assisted', '2024-02-27', '2024-02-27'),
(74, 5, NULL, '2024-02-27', 29, 'assisted', '2024-02-27', '2024-02-27'),
(75, 8, NULL, '2024-02-27', 30, 'assisted', '2024-02-27', '2024-02-27'),
(76, 5, NULL, '2024-02-27', 31, 'assisted', '2024-02-27', '2024-02-27'),
(77, 8, NULL, '2024-02-27', 32, 'assisted', '2024-02-27', '2024-02-27'),
(78, 5, NULL, '2024-02-27', 33, 'assisted', '2024-02-27', '2024-02-27'),
(79, 8, NULL, '2024-02-27', 34, 'assisted', '2024-02-27', '2024-02-27'),
(80, 5, NULL, '2024-02-27', 35, 'assisted', '2024-02-27', '2024-02-27'),
(81, 8, NULL, '2024-02-27', 36, 'assisted', '2024-02-27', '2024-02-27'),
(82, 5, NULL, '2024-02-27', 37, 'assisted', '2024-02-27', '2024-02-27'),
(83, 8, NULL, '2024-02-27', 38, 'assisted', '2024-02-27', '2024-02-27'),
(84, 5, NULL, '2024-02-27', 39, 'assisted', '2024-02-27', '2024-02-27'),
(85, 8, NULL, '2024-02-27', 40, 'assisted', '2024-02-27', '2024-02-27'),
(86, 5, NULL, '2024-02-27', 41, 'assisted', '2024-02-27', '2024-02-27'),
(87, 8, NULL, '2024-02-27', 42, 'assisted', '2024-02-27', '2024-02-27'),
(88, 5, NULL, '2024-02-27', 43, 'assisted', '2024-02-27', '2024-02-27'),
(89, 8, NULL, '2024-02-27', 44, 'assisted', '2024-02-27', '2024-02-27'),
(90, 5, NULL, '2024-02-27', 45, 'assisted', '2024-02-27', '2024-02-27'),
(91, 8, NULL, '2024-02-27', 46, 'assisted', '2024-02-27', '2024-02-27'),
(92, 5, NULL, '2024-02-27', 47, 'assisted', '2024-02-27', '2024-02-27'),
(93, 8, NULL, '2024-02-27', 48, 'assisted', '2024-02-27', '2024-02-27'),
(94, 5, NULL, '2024-02-27', 49, 'assisted', '2024-02-27', '2024-02-27'),
(95, 8, NULL, '2024-02-27', 50, 'assisted', '2024-02-27', '2024-02-27'),
(96, 5, NULL, '2024-02-27', 51, 'assisted', '2024-02-27', '2024-02-27'),
(97, 8, NULL, '2024-02-27', 52, 'assisted', '2024-02-27', '2024-02-27'),
(98, 5, NULL, '2024-02-27', 53, 'assisted', '2024-02-27', '2024-02-27'),
(99, 8, NULL, '2024-02-27', 54, 'assisted', '2024-02-27', '2024-02-27'),
(100, 5, NULL, '2024-02-27', 55, 'assisted', '2024-02-27', '2024-02-27'),
(101, 8, NULL, '2024-02-27', 56, 'assisted', '2024-02-27', '2024-02-27'),
(102, 5, NULL, '2024-02-27', 57, 'assisted', '2024-02-27', '2024-02-27'),
(103, 8, NULL, '2024-02-27', 58, 'assisted', '2024-02-27', '2024-02-27'),
(104, 5, NULL, '2024-02-27', 59, 'assisted', '2024-02-27', '2024-02-27'),
(105, 8, NULL, '2024-02-27', 60, 'assisted', '2024-02-27', '2024-02-27'),
(106, 5, NULL, '2024-02-27', 61, 'assisted', '2024-02-27', '2024-02-27'),
(107, 8, NULL, '2024-02-27', 62, 'assisted', '2024-02-27', '2024-02-27'),
(108, 5, NULL, '2024-02-27', 63, 'assisted', '2024-02-27', '2024-02-27'),
(109, 8, NULL, '2024-02-27', 64, 'assisted', '2024-02-27', '2024-02-27'),
(110, 5, NULL, '2024-02-27', 65, 'assisted', '2024-02-27', '2024-02-27'),
(111, 8, NULL, '2024-02-27', 66, 'assisted', '2024-02-27', '2024-02-27'),
(112, 5, NULL, '2024-02-27', 67, 'assisted', '2024-02-27', '2024-02-27'),
(113, 8, NULL, '2024-02-27', 68, 'assisted', '2024-02-27', '2024-02-27'),
(114, 5, NULL, '2024-02-27', 69, 'assisted', '2024-02-27', '2024-02-27'),
(115, 8, NULL, '2024-02-27', 70, 'assisted', '2024-02-27', '2024-02-27'),
(116, 5, NULL, '2024-02-27', 71, 'assisted', '2024-02-27', '2024-02-27'),
(117, 8, NULL, '2024-02-27', 72, 'assisted', '2024-02-27', '2024-02-27'),
(118, 5, NULL, '2024-02-27', 73, 'assisted', '2024-02-27', '2024-02-27'),
(119, 8, NULL, '2024-02-27', 74, 'assisted', '2024-02-27', '2024-02-27'),
(120, 5, NULL, '2024-02-27', 75, 'assisted', '2024-02-27', '2024-02-27'),
(121, 8, NULL, '2024-02-27', 76, 'assisted', '2024-02-27', '2024-02-27'),
(122, 5, NULL, '2024-02-27', 77, 'assisted', '2024-02-27', '2024-02-27'),
(123, 8, NULL, '2024-02-27', 78, 'assisted', '2024-02-27', '2024-02-27'),
(124, 5, NULL, '2024-02-27', 79, 'assisted', '2024-02-27', '2024-02-27'),
(125, 8, NULL, '2024-02-27', 80, 'assisted', '2024-02-27', '2024-02-27'),
(126, 5, NULL, '2024-02-27', 81, 'assisted', '2024-02-27', '2024-02-27'),
(127, 8, NULL, '2024-02-27', 82, 'assisted', '2024-02-27', '2024-02-27'),
(128, 5, NULL, '2024-02-27', 83, 'assisted', '2024-02-27', '2024-02-27'),
(129, 8, NULL, '2024-02-27', 84, 'assisted', '2024-02-27', '2024-02-27'),
(130, 5, NULL, '2024-02-27', 85, 'assisted', '2024-02-27', '2024-02-27'),
(131, 8, NULL, '2024-02-27', 86, 'assisted', '2024-02-27', '2024-02-27'),
(132, 5, NULL, '2024-02-27', 87, 'assisted', '2024-02-27', '2024-02-27'),
(133, 8, NULL, '2024-02-27', 88, 'assisted', '2024-02-27', '2024-02-27'),
(134, 5, NULL, '2024-02-27', 89, 'assisted', '2024-02-27', '2024-02-27'),
(135, 8, NULL, '2024-02-27', 90, 'assisted', '2024-02-27', '2024-02-27'),
(136, 5, NULL, '2024-02-27', 91, 'assisted', '2024-02-27', '2024-02-27'),
(137, 8, NULL, '2024-02-27', 92, 'assisted', '2024-02-27', '2024-02-27'),
(138, 5, NULL, '2024-02-27', 93, 'assisted', '2024-02-27', '2024-02-27'),
(139, 8, NULL, '2024-02-27', 94, 'assisted', '2024-02-27', '2024-02-27'),
(140, 5, NULL, '2024-02-27', 95, 'assisted', '2024-02-27', '2024-02-27'),
(141, 8, NULL, '2024-02-27', 96, 'assisted', '2024-02-27', '2024-02-27'),
(142, 5, NULL, '2024-02-27', 97, 'assisted', '2024-02-27', '2024-02-27'),
(143, 8, NULL, '2024-02-27', 98, 'assisted', '2024-02-27', '2024-02-27'),
(144, 5, NULL, '2024-02-27', 99, 'assisted', '2024-02-27', '2024-02-27'),
(145, 8, NULL, '2024-02-27', 100, 'assisted', '2024-02-27', '2024-02-27'),
(146, 6, NULL, '2024-02-27', 11, 'assisted', '2024-02-27', '2024-02-27'),
(147, 6, NULL, '2024-02-27', 12, 'assisted', '2024-02-27', '2024-02-27'),
(148, 6, NULL, '2024-02-27', 13, 'assisted', '2024-02-27', '2024-02-27'),
(149, 6, NULL, '2024-02-27', 14, 'assisted', '2024-02-27', '2024-02-27'),
(150, 6, NULL, '2024-02-27', 15, 'assisted', '2024-02-27', '2024-02-27'),
(151, 6, NULL, '2024-02-27', 16, 'assisted', '2024-02-27', '2024-02-27'),
(152, 6, NULL, '2024-02-27', 17, 'assisted', '2024-02-27', '2024-02-27'),
(153, 6, NULL, '2024-02-27', 18, 'assisted', '2024-02-27', '2024-02-27'),
(154, 6, NULL, '2024-02-27', 19, 'assisted', '2024-02-27', '2024-02-27'),
(155, 6, NULL, '2024-02-27', 20, 'assisted', '2024-02-27', '2024-02-27'),
(156, 6, NULL, '2024-02-27', 21, 'assisted', '2024-02-27', '2024-02-27'),
(157, 6, NULL, '2024-02-27', 22, 'assisted', '2024-02-27', '2024-02-27'),
(158, 6, NULL, '2024-02-27', 23, 'assisted', '2024-02-27', '2024-02-27'),
(159, 6, NULL, '2024-02-27', 24, 'assisted', '2024-02-27', '2024-02-27'),
(160, 6, NULL, '2024-02-27', 25, 'assisted', '2024-02-27', '2024-02-27'),
(161, 6, NULL, '2024-02-27', 26, 'assisted', '2024-02-27', '2024-02-27'),
(162, 6, NULL, '2024-02-27', 27, 'assisted', '2024-02-27', '2024-02-27'),
(163, 6, NULL, '2024-02-27', 28, 'assisted', '2024-02-27', '2024-02-27'),
(164, 6, NULL, '2024-02-27', 29, 'assisted', '2024-02-27', '2024-02-27'),
(165, 6, NULL, '2024-02-27', 30, 'assisted', '2024-02-27', '2024-02-27'),
(166, 6, NULL, '2024-02-27', 31, 'assisted', '2024-02-27', '2024-02-27'),
(167, 6, NULL, '2024-02-27', 32, 'assisted', '2024-02-27', '2024-02-27'),
(168, 6, NULL, '2024-02-27', 33, 'assisted', '2024-02-27', '2024-02-27'),
(169, 6, NULL, '2024-02-27', 34, 'assisted', '2024-02-27', '2024-02-27'),
(170, 6, NULL, '2024-02-27', 35, 'assisted', '2024-02-27', '2024-02-27'),
(171, 6, NULL, '2024-02-27', 36, 'assisted', '2024-02-27', '2024-02-27'),
(172, 6, NULL, '2024-02-27', 37, 'assisted', '2024-02-27', '2024-02-27'),
(173, 6, NULL, '2024-02-27', 38, 'assisted', '2024-02-27', '2024-02-27'),
(174, 6, NULL, '2024-02-27', 39, 'assisted', '2024-02-27', '2024-02-27'),
(175, 6, NULL, '2024-02-27', 40, 'assisted', '2024-02-27', '2024-02-27'),
(176, 6, NULL, '2024-02-27', 41, 'assisted', '2024-02-27', '2024-02-27'),
(177, 6, NULL, '2024-02-27', 42, 'assisted', '2024-02-27', '2024-02-27'),
(178, 6, NULL, '2024-02-27', 43, 'assisted', '2024-02-27', '2024-02-27'),
(179, 6, NULL, '2024-02-27', 44, 'assisted', '2024-02-27', '2024-02-27'),
(180, 6, NULL, '2024-02-27', 45, 'assisted', '2024-02-27', '2024-02-27'),
(181, 6, NULL, '2024-02-27', 46, 'assisted', '2024-02-27', '2024-02-27'),
(182, 6, NULL, '2024-02-27', 47, 'assisted', '2024-02-27', '2024-02-27'),
(183, 6, NULL, '2024-02-27', 48, 'assisted', '2024-02-27', '2024-02-27'),
(184, 6, NULL, '2024-02-27', 49, 'assisted', '2024-02-27', '2024-02-27'),
(185, 6, NULL, '2024-02-27', 50, 'assisted', '2024-02-27', '2024-02-27'),
(186, 6, NULL, '2024-02-27', 51, 'assisted', '2024-02-27', '2024-02-27'),
(187, 6, NULL, '2024-02-27', 52, 'assisted', '2024-02-27', '2024-02-27'),
(188, 6, NULL, '2024-02-27', 53, 'assisted', '2024-02-27', '2024-02-27'),
(189, 6, NULL, '2024-02-27', 54, 'assisted', '2024-02-27', '2024-02-27'),
(190, 6, NULL, '2024-02-27', 55, 'assisted', '2024-02-27', '2024-02-27'),
(191, 6, NULL, '2024-02-27', 56, 'assisted', '2024-02-27', '2024-02-27'),
(192, 6, NULL, '2024-02-27', 57, 'assisted', '2024-02-27', '2024-02-27'),
(193, 6, NULL, '2024-02-27', 58, 'assisted', '2024-02-27', '2024-02-27'),
(194, 6, NULL, '2024-02-27', 59, 'assisted', '2024-02-27', '2024-02-27'),
(195, 6, NULL, '2024-02-27', 60, 'assisted', '2024-02-27', '2024-02-27'),
(196, 6, NULL, '2024-02-27', 61, 'assisted', '2024-02-27', '2024-02-27'),
(197, 6, NULL, '2024-02-27', 62, 'assisted', '2024-02-27', '2024-02-27'),
(198, 6, NULL, '2024-02-27', 63, 'assisted', '2024-02-27', '2024-02-27'),
(199, 6, NULL, '2024-02-27', 64, 'assisted', '2024-02-27', '2024-02-27'),
(200, 6, NULL, '2024-02-27', 65, 'assisted', '2024-02-27', '2024-02-27'),
(201, 6, NULL, '2024-02-27', 66, 'assisted', '2024-02-27', '2024-02-27'),
(202, 6, NULL, '2024-02-27', 67, 'assisted', '2024-02-27', '2024-02-27'),
(203, 6, NULL, '2024-02-27', 68, 'assisted', '2024-02-27', '2024-02-27'),
(204, 6, NULL, '2024-02-27', 69, 'assisted', '2024-02-27', '2024-02-27'),
(205, 6, NULL, '2024-02-27', 70, 'assisted', '2024-02-27', '2024-02-27'),
(206, 6, NULL, '2024-02-27', 71, 'assisted', '2024-02-27', '2024-02-27'),
(207, 6, NULL, '2024-02-27', 72, 'assisted', '2024-02-27', '2024-02-27'),
(208, 6, NULL, '2024-02-27', 73, 'assisted', '2024-02-27', '2024-02-27'),
(209, 6, NULL, '2024-02-27', 74, 'assisted', '2024-02-27', '2024-02-27'),
(210, 6, NULL, '2024-02-27', 75, 'assisted', '2024-02-27', '2024-02-27'),
(211, 6, NULL, '2024-02-27', 76, 'assisted', '2024-02-27', '2024-02-27'),
(212, 6, NULL, '2024-02-27', 77, 'assisted', '2024-02-27', '2024-02-27'),
(213, 6, NULL, '2024-02-27', 78, 'assisted', '2024-02-27', '2024-02-27'),
(214, 6, NULL, '2024-02-27', 79, 'assisted', '2024-02-27', '2024-02-27'),
(215, 6, NULL, '2024-02-27', 80, 'assisted', '2024-02-27', '2024-02-27'),
(216, 6, NULL, '2024-02-27', 81, 'assisted', '2024-02-27', '2024-02-27'),
(217, 6, NULL, '2024-02-27', 82, 'assisted', '2024-02-27', '2024-02-27'),
(218, 6, NULL, '2024-02-27', 83, 'assisted', '2024-02-27', '2024-02-27'),
(219, 6, NULL, '2024-02-27', 84, 'assisted', '2024-02-27', '2024-02-27'),
(220, 6, NULL, '2024-02-27', 85, 'assisted', '2024-02-27', '2024-02-27'),
(221, 6, NULL, '2024-02-27', 86, 'assisted', '2024-02-27', '2024-02-27'),
(222, 6, NULL, '2024-02-27', 87, 'assisted', '2024-02-27', '2024-02-27'),
(223, 6, NULL, '2024-02-27', 88, 'assisted', '2024-02-27', '2024-02-27'),
(224, 6, NULL, '2024-02-27', 89, 'assisted', '2024-02-27', '2024-02-27'),
(225, 6, NULL, '2024-02-27', 90, 'assisted', '2024-02-27', '2024-02-27'),
(226, 6, NULL, '2024-02-27', 91, 'assisted', '2024-02-27', '2024-02-27'),
(227, 6, NULL, '2024-02-27', 92, 'assisted', '2024-02-27', '2024-02-27'),
(228, 6, NULL, '2024-02-27', 93, 'assisted', '2024-02-27', '2024-02-27'),
(229, 6, NULL, '2024-02-27', 94, 'assisted', '2024-02-27', '2024-02-27'),
(230, 6, NULL, '2024-02-27', 95, 'assisted', '2024-02-27', '2024-02-27'),
(231, 6, NULL, '2024-02-27', 96, 'assisted', '2024-02-27', '2024-02-27'),
(232, 6, NULL, '2024-02-27', 97, 'assisted', '2024-02-27', '2024-02-27'),
(233, 6, NULL, '2024-02-27', 98, 'assisted', '2024-02-27', '2024-02-27'),
(234, 6, NULL, '2024-02-27', 99, 'assisted', '2024-02-27', '2024-02-27'),
(235, 6, NULL, '2024-02-27', 100, 'assisted', '2024-02-27', '2024-02-27'),
(236, 7, NULL, '2024-02-27', 11, 'assisted', '2024-02-27', '2024-02-27'),
(237, 7, NULL, '2024-02-27', 12, 'assisted', '2024-02-27', '2024-02-27'),
(238, 7, NULL, '2024-02-27', 13, 'assisted', '2024-02-27', '2024-02-27'),
(239, 7, NULL, '2024-02-27', 14, 'assisted', '2024-02-27', '2024-02-27'),
(240, 7, NULL, '2024-02-27', 15, 'assisted', '2024-02-27', '2024-02-27'),
(241, 7, NULL, '2024-02-27', 16, 'assisted', '2024-02-27', '2024-02-27'),
(242, 7, NULL, '2024-02-27', 17, 'skipped', '2024-02-27', '2024-02-27'),
(243, 7, NULL, '2024-02-27', 18, 'skipped', '2024-02-27', '2024-02-27'),
(244, 7, NULL, '2024-02-27', 19, 'skipped', '2024-02-27', '2024-02-27'),
(245, 7, NULL, '2024-02-27', 20, 'skipped', '2024-02-27', '2024-02-27'),
(246, 7, NULL, '2024-02-27', 21, 'skipped', '2024-02-27', '2024-02-27'),
(247, 7, NULL, '2024-02-27', 22, 'skipped', '2024-02-27', '2024-02-27'),
(248, 7, NULL, '2024-02-27', 23, 'skipped', '2024-02-27', '2024-02-27'),
(249, 7, NULL, '2024-02-27', 24, 'skipped', '2024-02-27', '2024-02-27'),
(250, 7, NULL, '2024-02-27', 25, 'skipped', '2024-02-27', '2024-02-27'),
(251, 7, NULL, '2024-02-27', 26, 'skipped', '2024-02-27', '2024-02-27'),
(252, 7, NULL, '2024-02-27', 27, 'skipped', '2024-02-27', '2024-02-27'),
(253, 7, NULL, '2024-02-27', 28, 'skipped', '2024-02-27', '2024-02-27'),
(254, 7, NULL, '2024-02-27', 29, 'skipped', '2024-02-27', '2024-02-27'),
(255, 7, NULL, '2024-02-27', 30, 'skipped', '2024-02-27', '2024-02-27'),
(256, 7, NULL, '2024-02-27', 31, 'skipped', '2024-02-27', '2024-02-27'),
(257, 7, NULL, '2024-02-27', 32, 'skipped', '2024-02-27', '2024-02-27'),
(258, 7, NULL, '2024-02-27', 33, 'skipped', '2024-02-27', '2024-02-27'),
(259, 7, NULL, '2024-02-27', 34, 'skipped', '2024-02-27', '2024-02-27'),
(260, 7, NULL, '2024-02-27', 35, 'skipped', '2024-02-27', '2024-02-27'),
(261, 7, NULL, '2024-02-27', 36, 'skipped', '2024-02-27', '2024-02-27'),
(262, 7, NULL, '2024-02-27', 37, 'skipped', '2024-02-27', '2024-02-27'),
(263, 7, NULL, '2024-02-27', 38, 'skipped', '2024-02-27', '2024-02-27'),
(264, 7, NULL, '2024-02-27', 39, 'skipped', '2024-02-27', '2024-02-27'),
(265, 7, NULL, '2024-02-27', 40, 'skipped', '2024-02-27', '2024-02-27'),
(266, 7, NULL, '2024-02-27', 41, 'skipped', '2024-02-27', '2024-02-27'),
(267, 7, NULL, '2024-02-27', 42, 'skipped', '2024-02-27', '2024-02-27'),
(268, 7, NULL, '2024-02-27', 43, 'skipped', '2024-02-27', '2024-02-27'),
(269, 7, NULL, '2024-02-27', 44, 'skipped', '2024-02-27', '2024-02-27'),
(270, 7, NULL, '2024-02-27', 45, 'skipped', '2024-02-27', '2024-02-27'),
(271, 7, NULL, '2024-02-27', 46, 'skipped', '2024-02-27', '2024-02-27'),
(272, 7, NULL, '2024-02-27', 47, 'skipped', '2024-02-27', '2024-02-27'),
(273, 7, NULL, '2024-02-27', 48, 'skipped', '2024-02-27', '2024-02-27'),
(274, 7, NULL, '2024-02-27', 49, 'skipped', '2024-02-27', '2024-02-27'),
(275, 7, NULL, '2024-02-27', 50, 'skipped', '2024-02-27', '2024-02-27'),
(276, 7, NULL, '2024-02-27', 51, 'skipped', '2024-02-27', '2024-02-27'),
(277, 7, NULL, '2024-02-27', 52, 'skipped', '2024-02-27', '2024-02-27'),
(278, 7, NULL, '2024-02-27', 53, 'skipped', '2024-02-27', '2024-02-27'),
(279, 7, NULL, '2024-02-27', 54, 'skipped', '2024-02-27', '2024-02-27'),
(280, 7, NULL, '2024-02-27', 55, 'skipped', '2024-02-27', '2024-02-27'),
(281, 7, NULL, '2024-02-27', 56, 'skipped', '2024-02-27', '2024-02-27'),
(282, 7, NULL, '2024-02-27', 57, 'skipped', '2024-02-27', '2024-02-27'),
(283, 7, NULL, '2024-02-27', 58, 'skipped', '2024-02-27', '2024-02-27'),
(284, 7, NULL, '2024-02-27', 59, 'skipped', '2024-02-27', '2024-02-27'),
(285, 7, NULL, '2024-02-27', 60, 'skipped', '2024-02-27', '2024-02-27'),
(286, 7, NULL, '2024-02-27', 61, 'skipped', '2024-02-27', '2024-02-27'),
(287, 7, NULL, '2024-02-27', 62, 'skipped', '2024-02-27', '2024-02-27'),
(288, 7, NULL, '2024-02-27', 63, 'skipped', '2024-02-27', '2024-02-27'),
(289, 7, NULL, '2024-02-27', 64, 'skipped', '2024-02-27', '2024-02-27'),
(290, 7, NULL, '2024-02-27', 65, 'skipped', '2024-02-27', '2024-02-27'),
(291, 7, NULL, '2024-02-27', 66, 'skipped', '2024-02-27', '2024-02-27'),
(292, 7, NULL, '2024-02-27', 67, 'skipped', '2024-02-27', '2024-02-27'),
(293, 7, NULL, '2024-02-27', 68, 'skipped', '2024-02-27', '2024-02-27'),
(294, 7, NULL, '2024-02-27', 69, 'skipped', '2024-02-27', '2024-02-27'),
(295, 7, NULL, '2024-02-27', 70, 'skipped', '2024-02-27', '2024-02-27'),
(296, 7, NULL, '2024-02-27', 71, 'skipped', '2024-02-27', '2024-02-27'),
(297, 7, NULL, '2024-02-27', 72, 'skipped', '2024-02-27', '2024-02-27'),
(298, 7, NULL, '2024-02-27', 73, 'skipped', '2024-02-27', '2024-02-27'),
(299, 7, NULL, '2024-02-27', 74, 'skipped', '2024-02-27', '2024-02-27'),
(300, 7, NULL, '2024-02-27', 75, 'skipped', '2024-02-27', '2024-02-27'),
(301, 7, NULL, '2024-02-27', 76, 'skipped', '2024-02-27', '2024-02-27'),
(302, 7, NULL, '2024-02-27', 77, 'skipped', '2024-02-27', '2024-02-27'),
(303, 7, NULL, '2024-02-27', 78, 'skipped', '2024-02-27', '2024-02-27'),
(304, 7, NULL, '2024-02-27', 79, 'skipped', '2024-02-27', '2024-02-27'),
(305, 7, NULL, '2024-02-27', 80, 'skipped', '2024-02-27', '2024-02-27'),
(306, 7, NULL, '2024-02-27', 81, 'skipped', '2024-02-27', '2024-02-27'),
(307, 7, NULL, '2024-02-27', 82, 'skipped', '2024-02-27', '2024-02-27'),
(308, 7, NULL, '2024-02-27', 83, 'skipped', '2024-02-27', '2024-02-27'),
(309, 7, NULL, '2024-02-27', 84, 'skipped', '2024-02-27', '2024-02-27'),
(310, 7, NULL, '2024-02-27', 85, 'skipped', '2024-02-27', '2024-02-27'),
(311, 7, NULL, '2024-02-27', 86, 'skipped', '2024-02-27', '2024-02-27'),
(312, 7, NULL, '2024-02-27', 87, 'skipped', '2024-02-27', '2024-02-27'),
(313, 7, NULL, '2024-02-27', 88, 'skipped', '2024-02-27', '2024-02-27'),
(314, 7, NULL, '2024-02-27', 89, 'skipped', '2024-02-27', '2024-02-27'),
(315, 7, NULL, '2024-02-27', 90, 'skipped', '2024-02-27', '2024-02-27'),
(316, 7, NULL, '2024-02-27', 91, 'skipped', '2024-02-27', '2024-02-27'),
(317, 7, NULL, '2024-02-27', 92, 'skipped', '2024-02-27', '2024-02-27'),
(318, 7, NULL, '2024-02-27', 93, 'skipped', '2024-02-27', '2024-02-27'),
(319, 7, NULL, '2024-02-27', 94, 'skipped', '2024-02-27', '2024-02-27'),
(320, 7, NULL, '2024-02-27', 95, 'skipped', '2024-02-27', '2024-02-27'),
(321, 7, NULL, '2024-02-27', 96, 'skipped', '2024-02-27', '2024-02-27'),
(322, 7, NULL, '2024-02-27', 97, 'skipped', '2024-02-27', '2024-02-27'),
(323, 7, NULL, '2024-02-27', 98, 'skipped', '2024-02-27', '2024-02-27'),
(324, 7, NULL, '2024-02-27', 99, 'skipped', '2024-02-27', '2024-02-27'),
(325, 7, NULL, '2024-02-27', 100, 'skipped', '2024-02-27', '2024-02-27'),
(326, 1, NULL, '2024-03-07', 1, 'assisted', '2024-03-07', '2024-03-07'),
(327, 5, NULL, '2024-03-07', 2, 'assisted', '2024-03-07', '2024-03-07'),
(328, 8, NULL, '2024-03-07', 3, 'assisted', '2024-03-07', '2024-03-07'),
(329, 1, NULL, '2024-03-07', 4, 'assisted', '2024-03-07', '2024-03-07'),
(330, 5, NULL, '2024-03-07', 5, 'assisted', '2024-03-07', '2024-03-07'),
(331, 8, NULL, '2024-03-07', 6, 'assisted', '2024-03-07', '2024-03-07'),
(332, 2, NULL, '2024-03-07', 1, 'assisted', '2024-03-07', '2024-03-07'),
(333, 6, NULL, '2024-03-07', 2, 'assisted', '2024-03-07', '2024-03-07'),
(334, 9, NULL, '2024-03-07', 3, 'assisted', '2024-03-07', '2024-03-07'),
(335, 2, NULL, '2024-03-07', 4, 'assisted', '2024-03-07', '2024-03-07'),
(336, 6, NULL, '2024-03-07', 5, 'assisted', '2024-03-07', '2024-03-07'),
(337, 9, NULL, '2024-03-07', 6, 'assisted', '2024-03-07', '2024-03-07'),
(338, 3, NULL, '2024-03-07', 1, 'assisted', '2024-03-07', '2024-03-07'),
(339, 10, NULL, '2024-03-07', 2, 'assisted', '2024-03-07', '2024-03-07'),
(340, 3, NULL, '2024-03-07', 3, 'assisted', '2024-03-07', '2024-03-07'),
(341, 10, NULL, '2024-03-07', 4, 'assisted', '2024-03-07', '2024-03-07'),
(342, 3, NULL, '2024-03-07', 5, 'assisted', '2024-03-07', '2024-03-07'),
(343, 4, NULL, '2024-03-07', 1, 'assisted', '2024-03-07', '2024-03-07'),
(344, 7, NULL, '2024-03-07', 2, 'assisted', '2024-03-07', '2024-03-07'),
(345, 4, NULL, '2024-03-07', 3, 'assisted', '2024-03-07', '2024-03-07'),
(346, 7, NULL, '2024-03-07', 4, 'assisted', '2024-03-07', '2024-03-07'),
(347, 4, NULL, '2024-03-07', 5, 'assisted', '2024-03-07', '2024-03-07'),
(348, 7, NULL, '2024-03-07', 6, 'assisted', '2024-03-07', '2024-03-07'),
(349, 2, NULL, NULL, 1, 'assisted', '2024-03-15', '2024-03-15'),
(350, 5, NULL, NULL, 1, 'assisted', '2024-03-15', '2024-03-15'),
(351, 5, NULL, NULL, 2, 'skipped', '2024-03-15', '2024-03-15'),
(352, 5, NULL, NULL, 3, 'assisted', '2024-03-15', '2024-03-15'),
(353, 5, NULL, NULL, 4, 'assisted', '2024-03-15', '2024-03-15'),
(354, 1, NULL, NULL, 5, 'assisted', '2024-03-15', '2024-03-15'),
(355, 8, NULL, NULL, 6, 'pending', '2024-03-15', '2024-03-15'),
(356, 1, NULL, NULL, 7, 'assisted', '2024-03-15', '2024-03-15'),
(357, 8, NULL, NULL, 8, 'pending', '2024-03-15', '2024-03-15'),
(358, 1, NULL, NULL, 9, 'assisted', '2024-03-15', '2024-03-15'),
(359, 8, NULL, NULL, 10, 'pending', '2024-03-15', '2024-03-15'),
(360, 1, NULL, NULL, 11, 'assisted', '2024-03-15', '2024-03-15'),
(361, 8, NULL, NULL, 12, 'pending', '2024-03-15', '2024-03-15'),
(362, 1, NULL, NULL, 13, 'assisted', '2024-03-15', '2024-03-15'),
(363, 5, NULL, NULL, 14, 'assisted', '2024-03-15', '2024-03-15'),
(364, 8, NULL, NULL, 15, 'pending', '2024-03-15', '2024-03-15'),
(365, 1, NULL, NULL, 16, 'assisted', '2024-03-15', '2024-03-15'),
(366, 6, NULL, NULL, 2, 'pending', '2024-03-15', '2024-03-15'),
(367, 13, NULL, NULL, 3, 'pending', '2024-03-15', '2024-03-15'),
(368, 2, NULL, NULL, 4, 'assisted', '2024-03-15', '2024-03-15'),
(369, 2, NULL, NULL, 5, 'assisted', '2024-03-15', '2024-03-15'),
(370, 2, NULL, NULL, 6, 'assisted', '2024-03-15', '2024-03-15'),
(371, 2, NULL, NULL, 7, 'assisted', '2024-03-15', '2024-03-15'),
(372, 2, NULL, NULL, 8, 'assisted', '2024-03-15', '2024-03-15'),
(373, 2, NULL, NULL, 9, 'assisted', '2024-03-15', '2024-03-15'),
(374, 2, NULL, NULL, 10, 'assisted', '2024-03-15', '2024-03-15'),
(375, 2, NULL, NULL, 11, 'assisted', '2024-03-15', '2024-03-15'),
(376, 2, NULL, NULL, 12, 'assisted', '2024-03-15', '2024-03-15'),
(377, 2, NULL, NULL, 13, 'assisted', '2024-03-15', '2024-03-15'),
(378, 2, NULL, NULL, 14, 'assisted', '2024-03-15', '2024-03-15'),
(379, 2, NULL, NULL, 15, 'assisted', '2024-03-15', '2024-03-15'),
(380, 2, NULL, NULL, 16, 'assisted', '2024-03-15', '2024-03-15'),
(381, 2, NULL, NULL, 17, 'assisted', '2024-03-15', '2024-03-15'),
(382, 2, NULL, NULL, 18, 'assisted', '2024-03-15', '2024-03-15'),
(383, 2, NULL, NULL, 19, 'assisted', '2024-03-15', '2024-03-15'),
(384, 2, NULL, NULL, 20, 'assisted', '2024-03-15', '2024-03-15'),
(385, 2, NULL, NULL, 21, 'assisted', '2024-03-15', '2024-03-15'),
(386, 5, NULL, NULL, 17, 'assisted', '2024-03-15', '2024-03-15'),
(387, 5, NULL, NULL, 18, 'assisted', '2024-03-15', '2024-03-15'),
(388, 5, NULL, NULL, 19, 'assisted', '2024-03-15', '2024-03-15'),
(389, 5, NULL, NULL, 20, 'assisted', '2024-03-15', '2024-03-15'),
(390, 5, NULL, NULL, 21, 'assisted', '2024-03-15', '2024-03-15'),
(391, 5, NULL, NULL, 22, 'assisted', '2024-03-15', '2024-03-15'),
(392, 5, NULL, NULL, 23, 'assisted', '2024-03-15', '2024-03-15'),
(393, 5, NULL, NULL, 24, 'assisted', '2024-03-15', '2024-03-15'),
(394, 5, NULL, NULL, 25, 'assisted', '2024-03-15', '2024-03-15'),
(395, 5, NULL, NULL, 26, 'assisted', '2024-03-15', '2024-03-19'),
(396, 2, NULL, NULL, 22, 'assisted', '2024-03-15', '2024-03-15'),
(397, 2, NULL, NULL, 23, 'assisted', '2024-03-15', '2024-03-15'),
(398, 2, NULL, NULL, 24, 'assisted', '2024-03-15', '2024-03-15'),
(399, 2, NULL, NULL, 25, 'assisted', '2024-03-15', '2024-03-15'),
(400, 1, NULL, NULL, 27, 'assisted', '2024-03-15', '2024-03-15'),
(401, 1, NULL, NULL, 28, 'assisted', '2024-03-15', '2024-03-15'),
(402, 1, NULL, NULL, 29, 'assisted', '2024-03-15', '2024-03-15'),
(403, 2, NULL, NULL, 1, 'assisted', '2024-03-18', '2024-03-18'),
(404, 2, NULL, NULL, 2, 'assisted', '2024-03-18', '2024-03-18'),
(405, 2, NULL, NULL, 1, 'assisted', '2024-03-19', '2024-03-19'),
(406, 2, NULL, NULL, 2, 'assisted', '2024-03-19', '2024-03-19'),
(407, 2, NULL, NULL, 3, 'assisted', '2024-03-19', '2024-03-19'),
(408, 2, NULL, NULL, 4, 'assisted', '2024-03-19', '2024-03-19'),
(409, 2, NULL, NULL, 5, 'assisted', '2024-03-19', '2024-03-19'),
(410, 2, NULL, NULL, 6, 'skipped', '2024-03-19', '2024-03-19'),
(411, 2, NULL, NULL, 7, 'skipped', '2024-03-19', '2024-03-19'),
(412, 2, NULL, NULL, 8, 'assisted', '2024-03-19', '2024-03-19'),
(413, 2, NULL, NULL, 9, 'assisted', '2024-03-19', '2024-03-19'),
(414, 2, NULL, NULL, 10, 'assisted', '2024-03-19', '2024-03-19'),
(415, 2, NULL, NULL, 11, 'assisted', '2024-03-19', '2024-03-19'),
(416, 2, NULL, NULL, 12, 'assisted', '2024-03-19', '2024-03-19'),
(417, 2, NULL, NULL, 13, 'assisted', '2024-03-19', '2024-03-19'),
(418, 2, NULL, NULL, 14, 'assisted', '2024-03-19', '2024-03-19'),
(419, 2, NULL, NULL, 15, 'assisted', '2024-03-19', '2024-03-19'),
(420, 2, NULL, NULL, 16, 'assisted', '2024-03-19', '2024-03-19'),
(421, 2, NULL, NULL, 17, 'assisted', '2024-03-19', '2024-03-19'),
(422, 2, NULL, NULL, 18, 'assisted', '2024-03-19', '2024-03-19'),
(423, 2, NULL, NULL, 19, 'assisted', '2024-03-19', '2024-03-19'),
(424, 2, NULL, NULL, 20, 'assisted', '2024-03-19', '2024-03-20'),
(425, 2, NULL, NULL, 21, 'assisted', '2024-03-19', '2024-03-20'),
(426, 2, NULL, NULL, 22, 'assisted', '2024-03-19', '2024-03-20'),
(427, 2, NULL, NULL, 23, 'assisted', '2024-03-19', '2024-03-20'),
(428, 2, NULL, NULL, 24, 'assisted', '2024-03-19', '2024-03-20'),
(429, 1, NULL, NULL, 1, 'assisted', '2024-03-19', '2024-03-21'),
(430, 5, NULL, NULL, 2, 'assisted', '2024-03-19', '2024-03-19'),
(431, 1, NULL, NULL, 3, 'assisted', '2024-03-19', '2024-03-21'),
(432, 5, NULL, NULL, 4, 'assisted', '2024-03-19', '2024-03-19'),
(433, 1, NULL, NULL, 5, 'assisted', '2024-03-19', '2024-03-22'),
(434, 5, NULL, NULL, 6, 'assisted', '2024-03-19', '2024-03-19'),
(435, 1, NULL, NULL, 7, 'assisted', '2024-03-19', '2024-03-22'),
(436, 5, NULL, NULL, 8, 'assisted', '2024-03-19', '2024-03-19'),
(437, 1, NULL, NULL, 9, 'assisted', '2024-03-19', '2024-03-22'),
(438, 5, NULL, NULL, 10, 'assisted', '2024-03-19', '2024-03-20'),
(439, 1, NULL, NULL, 11, 'assisted', '2024-03-19', '2024-03-22'),
(440, 5, NULL, NULL, 12, 'assisted', '2024-03-19', '2024-03-20'),
(441, 2, NULL, NULL, 1, 'assisted', '2024-03-21', '2024-03-21'),
(442, 2, NULL, NULL, 2, 'assisted', '2024-03-21', '2024-03-21'),
(443, 2, NULL, NULL, 3, 'assisted', '2024-03-21', '2024-03-21'),
(444, 1, NULL, NULL, 1, 'assisted', '2024-03-21', '2024-03-21'),
(445, 5, NULL, NULL, 2, 'assisted', '2024-03-21', '2024-03-21'),
(446, 1, NULL, NULL, 3, 'assisted', '2024-03-21', '2024-03-21'),
(447, 5, NULL, NULL, 4, 'assisted', '2024-03-21', '2024-03-21'),
(448, 2, NULL, NULL, 4, 'assisted', '2024-03-21', '2024-03-21'),
(449, 2, NULL, NULL, 5, 'assisted', '2024-03-21', '2024-03-21'),
(450, 2, NULL, NULL, 6, 'assisted', '2024-03-21', '2024-03-21'),
(451, 1, NULL, NULL, 5, 'assisted', '2024-03-21', '2024-03-22'),
(452, 5, NULL, NULL, 6, 'assisted', '2024-03-21', '2024-03-21'),
(453, 1, NULL, NULL, 7, 'assisted', '2024-03-21', '2024-03-22'),
(454, 5, NULL, NULL, 8, 'assisted', '2024-03-21', '2024-03-21'),
(455, 2, NULL, NULL, 7, 'assisted', '2024-03-21', '2024-03-21'),
(456, 2, NULL, NULL, 8, 'assisted', '2024-03-21', '2024-03-21'),
(457, 2, NULL, NULL, 9, 'assisted', '2024-03-21', '2024-03-21'),
(458, 2, NULL, NULL, 10, 'assisted', '2024-03-21', '2024-03-21'),
(459, 2, NULL, NULL, 11, 'assisted', '2024-03-21', '2024-03-21'),
(460, 2, NULL, NULL, 12, 'assisted', '2024-03-21', '2024-03-21'),
(461, 2, NULL, NULL, 13, 'assisted', '2024-03-21', '2024-03-21'),
(462, 2, NULL, NULL, 14, 'assisted', '2024-03-21', '2024-03-21'),
(463, 2, NULL, NULL, 15, 'assisted', '2024-03-21', '2024-03-21'),
(464, 2, NULL, NULL, 16, 'assisted', '2024-03-21', '2024-03-21'),
(465, 2, NULL, NULL, 17, 'assisted', '2024-03-21', '2024-03-21'),
(466, 2, NULL, NULL, 18, 'assisted', '2024-03-21', '2024-03-21'),
(467, 2, NULL, NULL, 19, 'assisted', '2024-03-21', '2024-03-21'),
(468, 2, NULL, NULL, 20, 'assisted', '2024-03-21', '2024-03-21'),
(469, 2, NULL, NULL, 21, 'assisted', '2024-03-21', '2024-03-21'),
(470, 2, NULL, NULL, 22, 'assisted', '2024-03-21', '2024-03-21'),
(471, 2, NULL, NULL, 23, 'assisted', '2024-03-21', '2024-03-21'),
(472, 2, NULL, NULL, 24, 'assisted', '2024-03-21', '2024-03-21'),
(473, 2, NULL, NULL, 25, 'assisted', '2024-03-21', '2024-03-21'),
(474, 2, NULL, NULL, 26, 'assisted', '2024-03-21', '2024-03-21'),
(475, 2, NULL, NULL, 27, 'assisted', '2024-03-21', '2024-03-21'),
(476, 2, NULL, NULL, 28, 'assisted', '2024-03-21', '2024-03-21'),
(477, 2, NULL, NULL, 29, 'assisted', '2024-03-21', '2024-03-21'),
(478, 2, NULL, NULL, 30, 'assisted', '2024-03-21', '2024-03-21'),
(479, 2, NULL, NULL, 31, 'assisted', '2024-03-21', '2024-03-21'),
(480, 2, NULL, NULL, 32, 'assisted', '2024-03-21', '2024-03-21'),
(481, 2, NULL, NULL, 33, 'assisted', '2024-03-21', '2024-03-21'),
(482, 2, NULL, NULL, 34, 'assisted', '2024-03-21', '2024-03-21'),
(483, 2, NULL, NULL, 35, 'assisted', '2024-03-21', '2024-03-21'),
(484, 2, NULL, NULL, 36, 'assisted', '2024-03-21', '2024-03-21'),
(485, 2, NULL, NULL, 37, 'assisted', '2024-03-21', '2024-03-21'),
(486, 2, NULL, NULL, 38, 'assisted', '2024-03-21', '2024-03-21'),
(487, 2, NULL, NULL, 39, 'assisted', '2024-03-21', '2024-03-21'),
(488, 2, NULL, NULL, 40, 'assisted', '2024-03-21', '2024-03-21'),
(489, 2, NULL, NULL, 41, 'assisted', '2024-03-21', '2024-03-21'),
(490, 2, NULL, NULL, 42, 'assisted', '2024-03-21', '2024-03-21'),
(491, 2, NULL, NULL, 43, 'assisted', '2024-03-21', '2024-03-21'),
(492, 2, NULL, NULL, 44, 'assisted', '2024-03-21', '2024-03-21'),
(493, 2, NULL, NULL, 45, 'assisted', '2024-03-21', '2024-03-21'),
(494, 2, NULL, NULL, 46, 'assisted', '2024-03-21', '2024-03-21'),
(495, 1, NULL, NULL, 9, 'assisted', '2024-03-21', '2024-03-22'),
(496, 2, NULL, NULL, 47, 'assisted', '2024-03-21', '2024-03-21'),
(497, 5, NULL, NULL, 10, 'assisted', '2024-03-21', '2024-03-21'),
(498, 1, NULL, NULL, 11, 'assisted', '2024-03-21', '2024-03-22'),
(499, 5, NULL, NULL, 12, 'assisted', '2024-03-21', '2024-03-21'),
(500, 2, NULL, NULL, 48, 'assisted', '2024-03-21', '2024-03-21'),
(501, 2, NULL, NULL, 49, 'assisted', '2024-03-21', '2024-03-21'),
(502, 2, NULL, NULL, 50, 'assisted', '2024-03-21', '2024-03-21'),
(503, 2, NULL, NULL, 51, 'assisted', '2024-03-21', '2024-03-21'),
(504, 2, NULL, NULL, 52, 'assisted', '2024-03-21', '2024-03-21'),
(505, 2, NULL, NULL, 53, 'assisted', '2024-03-21', '2024-03-21'),
(506, 2, NULL, NULL, 54, 'assisted', '2024-03-21', '2024-03-21'),
(507, 2, NULL, NULL, 55, 'assisted', '2024-03-21', '2024-03-21'),
(508, 2, NULL, NULL, 56, 'assisted', '2024-03-21', '2024-03-21'),
(509, 2, NULL, NULL, 57, 'assisted', '2024-03-21', '2024-03-21'),
(510, 2, NULL, NULL, 58, 'assisted', '2024-03-21', '2024-03-21'),
(511, 2, NULL, NULL, 59, 'assisted', '2024-03-21', '2024-03-21'),
(512, 2, NULL, NULL, 60, 'assisted', '2024-03-21', '2024-03-21'),
(513, 2, NULL, NULL, 61, 'assisted', '2024-03-21', '2024-03-21'),
(514, 2, NULL, NULL, 62, 'assisted', '2024-03-21', '2024-03-21'),
(515, 2, NULL, NULL, 63, 'assisted', '2024-03-21', '2024-03-21'),
(516, 2, NULL, NULL, 64, 'assisted', '2024-03-21', '2024-03-21'),
(517, 2, NULL, NULL, 65, 'assisted', '2024-03-21', '2024-03-21'),
(518, 2, NULL, NULL, 66, 'assisted', '2024-03-21', '2024-03-21'),
(519, 2, NULL, NULL, 67, 'assisted', '2024-03-21', '2024-03-21'),
(520, 2, NULL, NULL, 68, 'assisted', '2024-03-21', '2024-03-21'),
(521, 2, NULL, NULL, 69, 'assisted', '2024-03-21', '2024-03-21'),
(522, 2, NULL, NULL, 70, 'assisted', '2024-03-21', '2024-03-21'),
(523, 2, NULL, NULL, 71, 'assisted', '2024-03-21', '2024-03-21'),
(524, 2, NULL, NULL, 72, 'assisted', '2024-03-21', '2024-03-21'),
(525, 2, NULL, NULL, 73, 'assisted', '2024-03-21', '2024-03-21'),
(526, 2, NULL, NULL, 74, 'assisted', '2024-03-21', '2024-03-21'),
(527, 2, NULL, NULL, 75, 'assisted', '2024-03-21', '2024-03-21'),
(528, 2, NULL, NULL, 76, 'assisted', '2024-03-21', '2024-03-21'),
(529, 2, NULL, NULL, 77, 'assisted', '2024-03-21', '2024-03-21'),
(530, 2, NULL, NULL, 78, 'assisted', '2024-03-21', '2024-03-21'),
(531, 2, NULL, NULL, 79, 'assisted', '2024-03-21', '2024-03-21'),
(532, 2, NULL, NULL, 80, 'assisted', '2024-03-21', '2024-03-21'),
(533, 2, NULL, NULL, 81, 'assisted', '2024-03-21', '2024-03-21'),
(534, 2, NULL, NULL, 82, 'assisted', '2024-03-21', '2024-03-21'),
(535, 2, NULL, NULL, 83, 'assisted', '2024-03-21', '2024-03-21'),
(536, 2, NULL, NULL, 84, 'assisted', '2024-03-21', '2024-03-21'),
(537, 2, NULL, NULL, 85, 'assisted', '2024-03-21', '2024-03-21'),
(538, 2, NULL, NULL, 86, 'assisted', '2024-03-21', '2024-03-21'),
(539, 2, NULL, NULL, 87, 'assisted', '2024-03-21', '2024-03-21'),
(540, 2, NULL, NULL, 88, 'assisted', '2024-03-21', '2024-03-21'),
(541, 2, NULL, NULL, 89, 'assisted', '2024-03-21', '2024-03-21'),
(542, 2, NULL, NULL, 90, 'assisted', '2024-03-21', '2024-03-21'),
(543, 2, NULL, NULL, 91, 'assisted', '2024-03-21', '2024-03-21'),
(544, 2, NULL, NULL, 92, 'assisted', '2024-03-21', '2024-03-21'),
(545, 2, NULL, NULL, 93, 'assisted', '2024-03-21', '2024-03-21'),
(546, 2, NULL, NULL, 94, 'assisted', '2024-03-21', '2024-03-21'),
(547, 2, NULL, NULL, 95, 'assisted', '2024-03-21', '2024-03-21'),
(548, 2, NULL, NULL, 96, 'assisted', '2024-03-21', '2024-03-21'),
(549, 2, NULL, NULL, 97, 'assisted', '2024-03-21', '2024-03-21'),
(550, 2, NULL, NULL, 98, 'assisted', '2024-03-21', '2024-03-21'),
(551, 2, NULL, NULL, 99, 'assisted', '2024-03-21', '2024-03-21'),
(552, 2, NULL, NULL, 100, 'assisted', '2024-03-21', '2024-03-21'),
(553, 2, NULL, NULL, 1, 'assisted', '2024-03-22', '2024-03-22'),
(554, 2, NULL, NULL, 2, 'assisted', '2024-03-22', '2024-03-22'),
(555, 2, NULL, NULL, 3, 'assisted', '2024-03-22', '2024-03-22'),
(556, 2, NULL, NULL, 4, 'assisted', '2024-03-22', '2024-03-22'),
(557, 1, NULL, NULL, 1, 'assisted', '2024-03-22', '2024-03-22'),
(558, 5, NULL, NULL, 2, 'assisted', '2024-03-22', '2024-03-22'),
(559, 1, NULL, NULL, 3, 'assisted', '2024-03-22', '2024-03-22'),
(560, 5, NULL, NULL, 4, 'assisted', '2024-03-22', '2024-03-22'),
(561, 1, NULL, NULL, 5, 'assisted', '2024-03-22', '2024-03-22'),
(562, 5, NULL, NULL, 6, 'skipped', '2024-03-22', '2024-03-22'),
(563, 1, NULL, NULL, 7, 'assisted', '2024-03-22', '2024-03-22'),
(564, 5, NULL, NULL, 8, 'assisted', '2024-03-22', '2024-03-22'),
(565, 1, NULL, NULL, 9, 'assisted', '2024-03-22', '2024-03-22'),
(566, 5, NULL, NULL, 10, 'assisted', '2024-03-22', '2024-03-22'),
(567, 1, NULL, NULL, 11, 'assisted', '2024-03-22', '2024-03-22'),
(568, 5, NULL, NULL, 12, 'assisted', '2024-03-22', '2024-03-22'),
(569, 1, NULL, NULL, 13, 'assisted', '2024-03-22', '2024-03-22'),
(570, 5, NULL, NULL, 14, 'skipped', '2024-03-22', '2024-03-22'),
(571, 1, NULL, NULL, 15, 'assisted', '2024-03-22', '2024-03-22'),
(572, 5, NULL, NULL, 16, 'skipped', '2024-03-22', '2024-03-22'),
(573, 1, NULL, NULL, 17, 'assisted', '2024-03-22', '2024-03-22'),
(574, 5, NULL, NULL, 18, 'assisted', '2024-03-22', '2024-03-22'),
(575, 1, NULL, NULL, 19, 'pending', '2024-03-22', '2024-03-22'),
(576, 5, NULL, NULL, 20, 'pending', '2024-03-22', '2024-03-22');

-- --------------------------------------------------------

--
-- Table structure for table `transtype`
--

CREATE TABLE `transtype` (
  `id` bigint(20) UNSIGNED NOT NULL,
  `trans_name` varchar(255) NOT NULL,
  `trans_limit` int(11) DEFAULT NULL,
  `created_by` varchar(255) NOT NULL,
  `updated_by` varchar(255) NOT NULL,
  `created_at` date DEFAULT NULL,
  `updated_at` date DEFAULT NULL
) ENGINE=InnoDB DEFAULT CHARSET=utf8mb4 COLLATE=utf8mb4_unicode_ci;

--
-- Dumping data for table `transtype`
--

INSERT INTO `transtype` (`id`, `trans_name`, `trans_limit`, `created_by`, `updated_by`, `created_at`, `updated_at`) VALUES
(1, 'Withdraw', 190, 'Sophia Esclares', 'Dorothy Paraiso', '2024-02-26', '2024-03-18'),
(2, 'Deposit', 100, 'Sophia Esclares', 'Sophia Esclares', '2024-02-26', '2024-02-27'),
(3, 'Loan', 100, 'Sophia Esclares', 'Sophia Esclares', '2024-02-26', '2024-02-27'),
(4, 'Payment', 100, 'Sophia Esclares', 'Sophia Esclares', '2024-02-26', '2024-02-27');

-- --------------------------------------------------------

--
-- Table structure for table `users`
--

CREATE TABLE `users` (
  `id` bigint(20) UNSIGNED NOT NULL,
  `name` varchar(255) NOT NULL,
  `email` varchar(255) NOT NULL,
  `email_verified_at` timestamp NULL DEFAULT NULL,
  `password` varchar(255) NOT NULL,
  `remember_token` varchar(100) DEFAULT NULL,
  `created_at` date DEFAULT NULL,
  `updated_at` date DEFAULT NULL
) ENGINE=InnoDB DEFAULT CHARSET=utf8mb4 COLLATE=utf8mb4_unicode_ci;

--
-- Dumping data for table `users`
--

INSERT INTO `users` (`id`, `name`, `email`, `email_verified_at`, `password`, `remember_token`, `created_at`, `updated_at`) VALUES
(1, 'Sophia Esclares', 'superadmin@admin.com', NULL, '$2y$12$s9InI.1wJVUPEsGOb6pR3OUdRl4Z7PSThareBNwyi9OM/HHOfS2jm', NULL, '2024-02-26', '2024-02-26'),
(4, 'Jonaem Azis', 'Jonaem@gmail.com', NULL, '$2y$12$hJ3ev/vOIZDEzZ.uH5BcJe6cfYqMCHjihbHtsSpW16fyliaxyxRDq', NULL, '2024-02-26', '2024-02-26'),
(5, 'Dorothy Paraiso', 'dorothy@gmail.com', NULL, '$2y$12$mzgKzhd1OxOB4zW2EbO9AuDVBs3tJzk2UQTxHrZrf9Nx49F6U5Bqu', NULL, '2024-02-26', '2024-02-26'),
(6, 'Christina Paraiso', 'christina@gmail.com', NULL, '$2y$12$JLG.u27NUfBKkewBB9yKR.g5H0ojfXr5uD.qDNoNUCDOr5aTLQMb2', NULL, '2024-02-26', '2024-02-26'),
(7, 'Anjel Paraiso', 'anjel@gmail.com', NULL, '$2y$12$wySqaD72B9mhBEBghGslfuKmqgo2Rxb8.6yXvlWvxPzPHBDw9kTJa', NULL, '2024-02-26', '2024-02-26'),
(8, 'Samuel Paraiso', 'samuel@gmail.com', NULL, '$2y$12$hjBIQaB8zzMuZ1M08xXG8.pySVAX/BMpx.RDgU2qNomToyexF1XsO', NULL, '2024-02-26', '2024-02-26'),
(9, 'Clint Paraiso', 'clint@gmail.com', NULL, '$2y$12$cb/bEWs8XSUMuS36BX98.eyHhCZgnphlZ/qlVA7WA9ynIzxpncja.', NULL, '2024-02-26', '2024-02-26'),
(10, 'Jucille Paraiso', 'jucille@gmail.com', NULL, '$2y$12$es4o9DGMicfws5g6T9DHsePTDaAeDvOos.O1FJWfOeuJdYqn5fEdK', NULL, '2024-02-26', '2024-02-26'),
(11, 'Sam Joshua Paraiso', 'sam.joshua@gmail.com', NULL, '$2y$12$eDwntJ8NP/OemCIAqSPOyu57Q81VK8oAzuyp8cpP8IIKXJiAyQh7S', NULL, '2024-02-26', '2024-02-26'),
(12, 'Nissi Paraiso', 'nissi@gmail.com', NULL, '$2y$12$OjZbav9Upc5QhxdSaM/T8eTgYUNcWVBKXrdEpV644cB3IbgUsVQqi', NULL, '2024-02-26', '2024-02-26'),
(13, 'Raymart Paraiso', 'raymart@gmail.com', NULL, '$2y$12$iTVRHuDtyJFA5NTdtSBWYOvsNgAAJsx1Bb8g6zrR1JIfiG0p8qLJS', NULL, '2024-02-26', '2024-02-26'),
(14, 'Test1', 'test1@gmail.com', NULL, '$2y$12$eB1gK8GXPOjd3P0sg.eeZOJKiBToc7RqoJJxQjqk0KqQSdm9lnOUu', NULL, '2024-02-27', '2024-02-27'),
(15, 'Test2', 'test2@gmail.com', NULL, '$2y$12$6q9v9.zlz/uPbOCnRhNuZOr/Y9yr6kR/1NjH.M2e95cpBWBLyXXbi', NULL, '2024-02-27', '2024-02-27'),
(16, 'Crishelle Agopitac', 'crishelle@gmail.com', NULL, '$2y$12$7d/lisjk86DbAjNjFYUIqeDXaDh2waOiN7K2Bbe5SKvImJEV2tf26', NULL, '2024-03-12', '2024-03-12');

-- --------------------------------------------------------

--
-- Table structure for table `windows`
--

CREATE TABLE `windows` (
  `id` bigint(20) UNSIGNED NOT NULL,
  `win_no` int(11) NOT NULL,
  `created_by` varchar(255) NOT NULL,
  `updated_by` varchar(255) NOT NULL,
  `created_at` date DEFAULT NULL,
  `updated_at` date DEFAULT NULL,
  `user_id` bigint(20) UNSIGNED NOT NULL,
  `type_id` bigint(20) UNSIGNED NOT NULL,
  `status` enum('offline','online') NOT NULL,
  `display` enum('enable','disable') NOT NULL
) ENGINE=InnoDB DEFAULT CHARSET=utf8mb4 COLLATE=utf8mb4_unicode_ci;

--
-- Dumping data for table `windows`
--

INSERT INTO `windows` (`id`, `win_no`, `created_by`, `updated_by`, `created_at`, `updated_at`, `user_id`, `type_id`, `status`, `display`) VALUES
(1, 1, 'Sophia Esclares', 'Sophia Esclares', '2024-02-26', '2024-03-15', 4, 1, 'online', 'enable'),
(2, 2, 'Sophia Esclares', 'Sophia Esclares', '2024-02-26', '2024-03-15', 5, 2, 'online', 'enable'),
(3, 3, 'Sophia Esclares', 'Sophia Esclares', '2024-02-26', '2024-03-15', 6, 3, 'online', 'disable'),
(4, 4, 'Sophia Esclares', 'Sophia Esclares', '2024-02-26', '2024-03-15', 7, 4, 'online', 'disable'),
(5, 5, 'Sophia Esclares', 'Sophia Esclares', '2024-02-26', '2024-03-15', 8, 1, 'online', 'enable'),
(6, 6, 'Sophia Esclares', 'Sophia Esclares', '2024-02-26', '2024-03-15', 9, 2, 'online', 'disable'),
(7, 7, 'Sophia Esclares', 'Sophia Esclares', '2024-02-26', '2024-03-15', 10, 4, 'online', 'disable'),
(8, 8, 'Sophia Esclares', 'Sophia Esclares', '2024-02-26', '2024-03-15', 11, 1, 'online', 'disable'),
(9, 9, 'Sophia Esclares', 'Sophia Esclares', '2024-02-26', '2024-03-15', 12, 2, 'online', 'disable'),
(10, 10, 'Sophia Esclares', 'Sophia Esclares', '2024-02-26', '2024-03-12', 13, 3, 'online', 'disable'),
(11, 11, 'Sophia Esclares', 'Sophia Esclares', '2024-03-12', '2024-03-12', 6, 1, 'online', 'disable'),
(12, 12, 'Sophia Esclares', 'Sophia Esclares', '2024-03-12', '2024-03-12', 4, 2, 'offline', 'disable'),
(13, 13, 'Sophia Esclares', 'Sophia Esclares', '2024-03-12', '2024-03-15', 7, 2, 'online', 'disable');

--
-- Indexes for dumped tables
--

--
-- Indexes for table `failed_jobs`
--
ALTER TABLE `failed_jobs`
  ADD PRIMARY KEY (`id`),
  ADD UNIQUE KEY `failed_jobs_uuid_unique` (`uuid`);

--
-- Indexes for table `migrations`
--
ALTER TABLE `migrations`
  ADD PRIMARY KEY (`id`);

--
-- Indexes for table `model_has_permissions`
--
ALTER TABLE `model_has_permissions`
  ADD PRIMARY KEY (`permission_id`,`model_id`,`model_type`),
  ADD KEY `model_has_permissions_model_id_model_type_index` (`model_id`,`model_type`);

--
-- Indexes for table `model_has_roles`
--
ALTER TABLE `model_has_roles`
  ADD PRIMARY KEY (`role_id`,`model_id`,`model_type`),
  ADD KEY `model_has_roles_model_id_model_type_index` (`model_id`,`model_type`);

--
-- Indexes for table `password_resets`
--
ALTER TABLE `password_resets`
  ADD KEY `password_resets_email_index` (`email`);

--
-- Indexes for table `password_reset_tokens`
--
ALTER TABLE `password_reset_tokens`
  ADD PRIMARY KEY (`email`);

--
-- Indexes for table `permissions`
--
ALTER TABLE `permissions`
  ADD PRIMARY KEY (`id`),
  ADD UNIQUE KEY `permissions_name_guard_name_unique` (`name`,`guard_name`);

--
-- Indexes for table `personal_access_tokens`
--
ALTER TABLE `personal_access_tokens`
  ADD PRIMARY KEY (`id`),
  ADD UNIQUE KEY `personal_access_tokens_token_unique` (`token`),
  ADD KEY `personal_access_tokens_tokenable_type_tokenable_id_index` (`tokenable_type`,`tokenable_id`);

--
-- Indexes for table `roles`
--
ALTER TABLE `roles`
  ADD PRIMARY KEY (`id`),
  ADD UNIQUE KEY `roles_name_guard_name_unique` (`name`,`guard_name`);

--
-- Indexes for table `role_has_permissions`
--
ALTER TABLE `role_has_permissions`
  ADD PRIMARY KEY (`permission_id`,`role_id`),
  ADD KEY `role_has_permissions_role_id_foreign` (`role_id`);

--
-- Indexes for table `settings`
--
ALTER TABLE `settings`
  ADD PRIMARY KEY (`id`);

--
-- Indexes for table `transactions`
--
ALTER TABLE `transactions`
  ADD PRIMARY KEY (`id`),
  ADD KEY `transactions_window_id_foreign` (`window_id`);

--
-- Indexes for table `transtype`
--
ALTER TABLE `transtype`
  ADD PRIMARY KEY (`id`);

--
-- Indexes for table `users`
--
ALTER TABLE `users`
  ADD PRIMARY KEY (`id`),
  ADD UNIQUE KEY `users_email_unique` (`email`);

--
-- Indexes for table `windows`
--
ALTER TABLE `windows`
  ADD PRIMARY KEY (`id`),
  ADD KEY `windows_user_id_foreign` (`user_id`),
  ADD KEY `windows_type_id_foreign` (`type_id`);

--
-- AUTO_INCREMENT for dumped tables
--

--
-- AUTO_INCREMENT for table `failed_jobs`
--
ALTER TABLE `failed_jobs`
  MODIFY `id` bigint(20) UNSIGNED NOT NULL AUTO_INCREMENT;

--
-- AUTO_INCREMENT for table `migrations`
--
ALTER TABLE `migrations`
  MODIFY `id` int(10) UNSIGNED NOT NULL AUTO_INCREMENT, AUTO_INCREMENT=11;

--
-- AUTO_INCREMENT for table `permissions`
--
ALTER TABLE `permissions`
  MODIFY `id` bigint(20) UNSIGNED NOT NULL AUTO_INCREMENT, AUTO_INCREMENT=10;

--
-- AUTO_INCREMENT for table `personal_access_tokens`
--
ALTER TABLE `personal_access_tokens`
  MODIFY `id` bigint(20) UNSIGNED NOT NULL AUTO_INCREMENT;

--
-- AUTO_INCREMENT for table `roles`
--
ALTER TABLE `roles`
  MODIFY `id` bigint(20) UNSIGNED NOT NULL AUTO_INCREMENT, AUTO_INCREMENT=4;

--
-- AUTO_INCREMENT for table `settings`
--
ALTER TABLE `settings`
  MODIFY `id` bigint(20) UNSIGNED NOT NULL AUTO_INCREMENT, AUTO_INCREMENT=2;

--
-- AUTO_INCREMENT for table `transactions`
--
ALTER TABLE `transactions`
  MODIFY `id` bigint(20) UNSIGNED NOT NULL AUTO_INCREMENT, AUTO_INCREMENT=577;

--
-- AUTO_INCREMENT for table `transtype`
--
ALTER TABLE `transtype`
  MODIFY `id` bigint(20) UNSIGNED NOT NULL AUTO_INCREMENT, AUTO_INCREMENT=12;

--
-- AUTO_INCREMENT for table `users`
--
ALTER TABLE `users`
  MODIFY `id` bigint(20) UNSIGNED NOT NULL AUTO_INCREMENT, AUTO_INCREMENT=17;

--
-- AUTO_INCREMENT for table `windows`
--
ALTER TABLE `windows`
  MODIFY `id` bigint(20) UNSIGNED NOT NULL AUTO_INCREMENT, AUTO_INCREMENT=14;

--
-- Constraints for dumped tables
--

--
-- Constraints for table `model_has_permissions`
--
ALTER TABLE `model_has_permissions`
  ADD CONSTRAINT `model_has_permissions_permission_id_foreign` FOREIGN KEY (`permission_id`) REFERENCES `permissions` (`id`) ON DELETE CASCADE;

--
-- Constraints for table `model_has_roles`
--
ALTER TABLE `model_has_roles`
  ADD CONSTRAINT `model_has_roles_role_id_foreign` FOREIGN KEY (`role_id`) REFERENCES `roles` (`id`) ON DELETE CASCADE;

--
-- Constraints for table `role_has_permissions`
--
ALTER TABLE `role_has_permissions`
  ADD CONSTRAINT `role_has_permissions_permission_id_foreign` FOREIGN KEY (`permission_id`) REFERENCES `permissions` (`id`) ON DELETE CASCADE,
  ADD CONSTRAINT `role_has_permissions_role_id_foreign` FOREIGN KEY (`role_id`) REFERENCES `roles` (`id`) ON DELETE CASCADE;

--
-- Constraints for table `transactions`
--
ALTER TABLE `transactions`
  ADD CONSTRAINT `transactions_window_id_foreign` FOREIGN KEY (`window_id`) REFERENCES `windows` (`id`) ON DELETE CASCADE;

--
-- Constraints for table `windows`
--
ALTER TABLE `windows`
  ADD CONSTRAINT `windows_type_id_foreign` FOREIGN KEY (`type_id`) REFERENCES `transtype` (`id`) ON DELETE CASCADE,
  ADD CONSTRAINT `windows_user_id_foreign` FOREIGN KEY (`user_id`) REFERENCES `users` (`id`) ON DELETE CASCADE;
COMMIT;

/*!40101 SET CHARACTER_SET_CLIENT=@OLD_CHARACTER_SET_CLIENT */;
/*!40101 SET CHARACTER_SET_RESULTS=@OLD_CHARACTER_SET_RESULTS */;
/*!40101 SET COLLATION_CONNECTION=@OLD_COLLATION_CONNECTION */;
